Avène,Skin Care:Moisturizers:Face Moisturizer,CleananceHYDRA Soothing Cream,N/A,"Avène Thermal Spring Water, Carthamus tinctorius (safflower) Seed Oil, Caprulic/ capric Triglyceride, Dimethicone, PEG-12, butylene Glycol, Glycerin, 1,2-hexanediol, glyceryl Stearate, PEG -100 Stearate, Cetyl alcohol, Glyceryl Linoleate, Acrylates/c10-30 alkyl Acrylate Crosspolymer, Benzoic Acid, fragrance, Glyceryl Linolenate, Glyceryl oleate, Glyceryl Palmitate, Glycine Soja (soybean) oil, Sodium Dextran Sulfate, Sodium Hydroxide, tocopherol, Tocopheryl Actetate, Xanthan gum.",https://www.ulta.com/p/cleanancehydra-soothing-cream-pimprod2020800?sku=2577347&dcEvent=true
Avène,Skin Care:Global Skin Care,Hyaluron Activ B3 Concentrated Plumping Serum,N/A,"Avene Thermal Spring Water (Avene Aqua), Niacinamide, Glycerin, Pentylene Glycol, Sodium Hyaluronate, Adenosine, Citric Acid, Sodium Benzoate.",https://www.ulta.com/p/hyaluron-activ-b3-concentrated-plumping-serum-pimprod2036540?sku=2605858&dcEvent=true
Avène,Skin Care:Global Skin Care,A-Oxitive Antioxidant Defense Serum,N/A,"Avène Thermal Spring Water (Avène Aqua), Glycerin, Isododecane, Pentylene Glycol, Water (Aqua), Dimethicone, Ascorbyl Glucoside, Polymethyl Methacrylate, Tocopheryl Glucoside, Artemia Extract, C12-20 Alkyl Glucoside, C14-22 Alcohols, Caprylic/capric Triglyceride, Cetrimonium Bromide, Citric Acid, Disodium EDTA, Fragrance (Parfum), Hydroxyethyl Acrylate/Sodium Acryloydimethyl Taurate Copolymer, Polysorbate 60, Sodium Benzoate, Sodium Citrate, Sodium Hyaluronate, Sodium Hydroxide, Sorbitan Isostearate, Tocopherol, Xanthan Gum.",https://www.ulta.com/p/a-oxitive-antioxidant-defense-serum-pimprod2020799?sku=2577162&dcEvent=true
Avène,Skin Care:Global Skin Care,Cleanance Cleansing Gel,N/A,"Avene Thermal Spring Water (Avene Aqua), Water (Aqua), Zinc Coceth Sulphate, Lauryl Betaine, Decyl Glucoside, Ceteareth-60 Myristyl Glycol, Peg-7 Glyceryl Cocoate, Polysorbate 20, Citric Acid, Fragrance (Perfume), Green 5 (Ci 61570), Isopropyl Alcohol, Peg-40 Hydrogenated Castor Oil, Peg-6, Ppg-26-Buteth-26, Silybum Marianum Fruit Extract, Sodium Benzoate, Sodium Chloride, Sodium Hydroxide, Trisodium Ethylenediamine Disuccinate, Yellow 5 (Ci 19140), Zinc Gluconate.",https://www.ulta.com/p/cleanance-cleansing-gel-pimprod2021596?sku=2586859&dcEvent=true
Avène,Skin Care:Global Skin Care,Tolerance Extremely Gentle Cleanser Lotion,N/A,"Avene Thermal Spring Water (Avene Aqua), Cetearyl Alcohol, Aquaphilus Dolomiae Extract Filtrate, Arginine, Caprylyl Glycol, Cetrimonium Bromide, Coco-Glucoside, Disodium Phosphate, Hydroxycapric Acid, Magnesium Oxide, Potassium Phosphate, Sodium Benzoate, Sodium Cetearyl Sulfate, Sodium Hydroxide, Tromethamine.",https://www.ulta.com/p/tolerance-extremely-gentle-cleanser-lotion-pimprod2026572?sku=2586858&dcEvent=true
Avène,Skin Care:Moisturizers:Face Moisturizer,Moisturizing Melt-In Balm,N/A,"Avène Thermal Spring Water (avène Aqua), Glycerin, Butyrospermum Parkii (shea) Oil (butyrospermum Parkii Oil), Caprylic/capric Triglyceride, Carthamus Tinctorius (safflower) Seed Oil (carthamus Tinctorius Seed Oil), Isopropyl Palmitate, C14-22 Alcohols, Dimethicone, Tocopheryl Acetate, Acrylates/c10-30 Alkyl Acrylate Crosspolymer, Benzoic Acid, C12-20 Alkyl Glucoside, C20-22 Alcohols, C20-22 Alkyl Phosphate, Camelina Sativa Seed Oil, Caprylyl Glycol, Fragrance (parfum), Glyceryl Stearate, Hydroxyethyl Acrylate/sodium Acryloyldimethyl Taurate Copolymer, PEG-100 Stearate, Polysorbate 60, Sodium Hydroxide, Sorbitan Isostearate, Squalane, Water (aqua), Xanthan Gum.",https://www.ulta.com/p/moisturizing-melt-in-balm-pimprod2020812?sku=2577350&dcEvent=true
Avène,Skin Care:Moisturizers:Face Moisturizer,TriXera Nutrition Nutri-Fluid Balm,N/A,"Avène Thermal Spring Water (Avène Aqua), Glycerin, Isopropyl Palmitate, Pentaerythrityl Tetracaprylate/Tetracaprate, Propylene Glycol Dicaprylate/Dicaprate, Caprylic/Capric Triglyceride, Glyceryl Stearate, Myreth-3 Myristate, Peg-100 Stearate,Acrylates / C10-30 Alkyl Acrylate Crosspolymer, Benzoic Acid, Caprylyl Glycol, Carbomer, Glycine, Glycine Soja (Soybean) Seed Extract, Oenothera Biennis (Evening Primrose) Oil, Peg-32, Peg-400, Pentyl Rhamnoside, Sodium Hydroxide, Tocopherol, Tocopheryl Acetate, Water (Aqua).",https://www.ulta.com/p/trixera-nutrition-nutri-fluid-balm-pimprod2020820?sku=2577353&dcEvent=true
Avène,Skin Care:Global Skin Care,Hypersensitive Skin Starter Kit,N/A,"Tolerance Extremely Gentle Avene Thermal Spring Water (Avene Aqua), Cetearyl Alcohol, Aquaphilus Dolomiae Extract Filtrate, Arginine, Caprylyl Glycol, Cetrimonium Bromide, Coco-Glucoside, Disodium Phosphate, Hydroxycapric Acid, Magnesium Oxide, Potassium Phosphate, Sodium Benzoate, Sodium Cetearyl Sulfate, Sodium Hydroxide, Tromethamine.",https://www.ulta.com/p/hypersensitive-skin-starter-kit-pimprod2026571?sku=2586857&dcEvent=true
Avène,Skin Care:Moisturizers:Face Moisturizer,Cleanance Night Blemish Correcting & Age Renewing Cream,N/A,"Avene Thermal Spring Water (Avene Aqua), Caprylic/Capric Triglyceride, Isododecane, Dimethicone, Glycerin, Pentylene Glycol, Propylene Glycol, Water (Aqua), Squalane, Glyceryl Stearate, Peg-100 Stearate, Hexylresorcinol, 1,2-Hexanediol, Algin, Arachidyl Alcohol, Arachidyl Glucoside, Behenyl Alcohol, Benzoic Acid, Bht, Caprylylglycol, Carbomer, Dimethicone Crosspolymer, Dimethiconol, Fragrance (Perfume), Hydrogenated Polyisobutene, Hydroxyethyl Acrylate/Sodium, Acryloyldimethyl Taurate Copolymer, Papain, Peg-7 Trimethylolpropane Coconut Ether, Red33, Retinal, Sodium Hydroxide, Sorbitan Isostearate, Stearyl Alcohol, Titanium Dioxide, Xanthan Gum.",https://www.ulta.com/p/cleanance-night-blemish-correcting-age-renewing-cream-pimprod2035345?sku=2599781&dcEvent=true
Avène,Skin Care:Global Skin Care,Hydrance Boost Concentrated Hydrating Serum,N/A,"Avène Thermal Spring Water (Avene Aqua), Propanediol, Glycerin, Pentylene Glycol, Diglycerin, 1,2-Hexanediol, Niacinamide, Sodium Hyaluronate, Betaine, Citric Acid, Fragrance (Parfum), Pca, Polyglyceryl-4 Caprate, Sclerotium Gum, Sodium Citrate, Sodium Hydroxide, Water (Aqua).",https://www.ulta.com/p/hydrance-boost-concentrated-hydrating-serum-pimprod2037832?sku=2605878&dcEvent=true
Avène,Skin Care:Treatment & Serums:Acne & Blemish Treatments,Cleanance Blemish Control Blemish Control Starter Kit,N/A,"Cleanance Avène Thermal Spring Water, Kaolin, Cetearylalcohol, Triethylhexanoin, Glyceryl Stearate, Glycolic Acid, Sodium Hydroxide, Water, Cellulose Acetate,Ceteareth-33, Caprylic/Capric Glycerides, Titanium Dioxide (Ci 77891), Zinc Gluconate, Bisabolol, Cetrimoniumbromide, Fragrance, Glyceryl Laurate, Pyridoxine Hcl, Salicylic Acid, Sodium Chloride, Xanthan Gum.",https://www.ulta.com/p/cleanance-blemish-control-blemish-control-starter-kit-pimprod2021734?sku=2578782&dcEvent=true
Avène,Skin Care:Moisturizers:Face Moisturizer,RICH Revitalizing Nourishing Cream,N/A,"Avène Thermal Spring Water (Avene Aqua), Butyrospermum Parkii (Shea) Butter (Butyrospermum Parkii Butter), Glycerin, Octyldodecanol, Mineral Oil (Paraffinum Liquidum), Cetearyl Alcohol, Dimethicone, Isododecane, Methyl Gluceth-20, Pentylene Glycol, Water (Aqua), Silica, Cetyl Esters, Cetearyl Glucoside, Glyceryl Stearate, Peg100 Stearate, Benzoic Acid, Caprylic/Capric Triglyceride, Ethylhexylglycerin, Fragrance (Parfum), Hydrogenated Starch Hydrolysate, Polyacrylate-13, Polyisobutene, Polysorbate 20, Ribes Rubrum (Currant) Fruit Extract (Ribes Rubrum Fruit Extract), Rubus Idaeus (Raspberry) Fruit Extract (Rubus Idaeus Fruit Extract), Sodium Benzoate, Sodium Hydroxide, Sorbitan Isostearate, Tocopherol, Tocopheryl Glucoside, Vaccinium Myrtillus Fruit Extract, Xanthan Gum.",https://www.ulta.com/p/rich-revitalizing-nourishing-cream-pimprod2020818?sku=2577352&dcEvent=true
